offsides,games.minutes,games.number,games.position,games.rating,games.captain,games.substitute,shots.total,shots.on,goals.total,goals.conceded,goals.assists,goals.saves,passes.total,passes.key,passes.accuracy,tackles.total,tackles.blocks,tackles.interceptions,duels.total,duels.won,dribbles.attempts,dribbles.success,dribbles.past,fouls.drawn,fouls.committed,cards.yellow,cards.red,penalty.won,penalty.commited,penalty.scored,penalty.missed,penalty.saved,player.id,player.name,fixture.id
,90.0,25,G,7,False,False,,,,0,,,25.0,,24,,,,,,,,,,,0,0,,,0,0,0.0,2273,Kepa Arrizabalaga,1126153
,90.0,17,D,8.2,False,False,,,,0,,,79.0,6.0,72,1.0,,,5.0,1.0,1.0,,1.0,,2.0,0,0,,,0,0,,757,Lucas Vázquez,1126153
,90.0,22,D,7.7,False,False,1.0,,,0,,,82.0,,74,1.0,1.0,1.0,9.0,8.0,,,,2.0,,0,0,,,0,0,,2285,Antonio Rüdiger,1126153
,73.0,6,D,7,True,False,1.0,,,0,,,85.0,,80,,,1.0,4.0,2.0,,,,,,0,0,,,0,0,,735,Nacho Fernández,1126153
,90.0,4,D,7.2,False,False,2.0,,,0,,,75.0,1.0,69,,,1.0,4.0,1.0,4.0,1.0,,,,0,0,,,0,0,,505,David Alaba,1126153
,81.0,10,M,8.3,False,False,1.0,1.0,,0,,,75.0,5.0,70,,,,3.0,2.0,1.0,,,2.0,,0,0,,,0,0,,754,Luka Modrić,1126153
,66.0,18,M,7.3,False,False,2.0,,,0,,,82.0,1.0,77,3.0,,1.0,6.0,5.0,,,,,1.0,1,0,,,0,0,,1271,Aurélien Tchouaméni,1126153
,66.0,12,M,7.6,False,False,1.0,,,0,,,86.0,4.0,80,1.0,,1.0,6.0,4.0,1.0,1.0,,2.0,2.0,0,0,,,0,0,,2207,Eduardo Camavinga,1126153
,90.0,5,M,8.2,False,False,3.0,1.0,1.0,0,,,66.0,3.0,59,1.0,,,13.0,5.0,1.0,,,3.0,3.0,0,0,,,0,0,,129718,Jude Bellingham,1126153
2.0,90.0,14,F,7.6,False,False,8.0,3.0,,0,,,22.0,2.0,18,,,,8.0,5.0,,,,,,0,0,,,0,0,,18907,Joselu,1126153
1.0,90.0,11,F,6.7,False,False,3.0,2.0,,0,,,44.0,3.0,40,,,,8.0,4.0,4.0,3.0,,1.0,,0,0,,,0,0,,10009,Rodrygo,1126153
,24.0,8,M,7.2,False,True,,,,0,,,47.0,3.0,45,,,,1.0,,,,1.0,,,0,0,,,0,0,,752,Toni Kroos,1126153
,24.0,15,M,6.9,False,True,,,,0,,,27.0,,26,,,,2.0,1.0,1.0,1.0,,,,0,0,,,0,0,,756,Federico Valverde,1126153
,17.0,20,D,6.6,False,True,,,,0,,,12.0,,12,,,,1.0,1.0,,,,,,0,0,,,0,0,,736,Fran García,1126153
1.0,9.0,21,M,6.9,False,True,,,,0,,,6.0,1.0,4,,,,1.0,1.0,,,,1.0,,0,0,,,0,0,,744,Brahim Díaz,1126153
,,13,G,,False,True,,,,0,,,,,,,,,,,,,,,,0,0,,,0,0,,47400,Andriy Lunin,1126153
,,31,G,,False,True,,,,0,,,,,,,,,,,,,,,,0,0,,,0,0,,206260,Lucas Cañizares,1126153
,,23,D,,False,True,,,,0,,,,,,,,,,,,,,,,0,0,,,0,0,,653,Ferland Mendy,1126153
,,36,D,,False,True,,,,0,,,,,,,,,,,,,,,,0,0,,,0,0,,279792,Vinícius Tobías,1126153
,,19,M,,False,True,,,,0,,,,,,,,,,,,,,,,0,0,,,0,0,,748,Dani Ceballos,1126153
,,33,F,,False,True,,,,0,,,,,,,,,,,,,,,,0,0,,,0,0,,336711,Gonzalo García,1126153
,90.0,1,G,8.2,False,False,,,,1,,6.0,36.0,,17,,,,1.0,1.0,,,,1.0,,0,0,,,0,0,0.0,1798,Frederik Rønnow,1126153
,90.0,5,D,7.3,False,False,,,,0,,,24.0,,19,4.0,2.0,1.0,11.0,7.0,,,,2.0,,0,0,,,0,0,,37117,Danilho Doekhi,1126153
,80.0,23,D,7.2,False,False,,,,0,,,26.0,,19,1.0,2.0,,1.0,1.0,,,,,,0,0,,,0,0,,853,Leonardo Bonucci,1126153
,90.0,4,D,7,False,False,,,,0,,,31.0,,23,2.0,2.0,1.0,7.0,3.0,,,2.0,1.0,2.0,0,0,,,0,0,,376,Diogo Leite,1126153
,90.0,18,M,6.9,False,False,,,,0,,,20.0,1.0,10,2.0,,1.0,4.0,3.0,,,1.0,1.0,,0,0,,,0,0,,14330,Josip Juranović,1126153
,90.0,33,M,6.9,False,False,,,,0,,,29.0,,24,2.0,1.0,1.0,9.0,4.0,,,1.0,1.0,3.0,0,0,,,0,0,,1234,Alex Král,1126153
,83.0,29,M,6.5,False,False,,,,0,,,24.0,,17,1.0,,,4.0,1.0,1.0,,,,2.0,1,0,,,0,0,,664,Lucas Tousart,1126153
,66.0,20,M,6.5,False,False,,,,0,,,17.0,,10,,,,6.0,3.0,4.0,1.0,,2.0,,0,0,,,0,0,,43246,Aissa Laïdouni,1126153
,90.0,6,M,6.9,False,False,1.0,,,0,,,25.0,,17,1.0,,2.0,5.0,4.0,1.0,,,,,0,0,,,0,0,,30422,Robin Gosens,1126153
,80.0,27,F,6.7,True,False,,,,0,,,10.0,1.0,8,,,,2.0,,,,,,2.0,0,0,,,0,0,,37938,Sheraldo Becker,1126153
1.0,66.0,17,F,6.9,False,False,2.0,,,0,,,7.0,1.0,6,1.0,1.0,,11.0,1.0,,,,,1.0,0,0,,,0,0,,25192,Kevin Behrens,1126153
,24.0,7,M,6.7,False,True,,,,0,,,5.0,,3,,,1.0,1.0,1.0,1.0,1.0,,,,0,0,,,0,0,,50739,Brenden Aaronson,1126153
,24.0,10,F,6.2,False,True,,,,0,,,3.0,,2,,,,4.0,,,,2.0,,,0,0,,,0,0,,989,Kevin Volland,1126153
,10.0,3,D,6.3,False,True,,,,0,,,3.0,,1,,1.0,,2.0,1.0,,,,,,0,0,,,0,0,,25147,Paul Jaeckel,1126153
,10.0,11,F,6.3,False,True,,,,0,,,2.0,,1,,,,2.0,1.0,,,,,,0,0,,,0,0,,291476,David Datro Fofana,1126153
,13.0,36,M,6.2,False,True,,,,0,,,1.0,,1,,,,1.0,,,,,,1.0,0,0,,,0,0,,327831,Aljoscha Kemlein,1126153
,,37,G,,False,True,,,,0,,,,,,,,,,,,,,,,0,0,,,0,0,,26234,Alexander Schwolow,1126153
,,39,G,,False,True,,,,0,,,,,,,,,,,,,,,,0,0,,,0,0,,286728,Yannic Stein,1126153
,,26,D,,False,True,,,,0,,,,,,,,,,,,,,,,0,0,,,0,0,,25404,Jérôme Roussillon,1126153
,,28,D,,False,True,,,,0,,,,,,,,,,,,,,,,0,0,,,0,0,,24848,Christopher Trimmel,1126153
,90.0,1,G,6.3,False,False,,,,3,,3.0,20.0,,19,,,,,,,,,,,0,0,,,0,0,0.0,312,Alex Meret,1126166
,90.0,22,D,6.7,True,False,,,,0,,,56.0,,49,4.0,,,11.0,5.0,,,2.0,,1.0,0,0,,,0,0,,31042,Giovanni Di Lorenzo,1126166
,90.0,55,D,7.9,False,False,3.0,2.0,1.0,0,,,46.0,2.0,42,1.0,3.0,1.0,12.0,8.0,,,1.0,1.0,1.0,0,0,,,0,0,,18967,Leo Østigård,1126166
,90.0,3,D,7.3,False,False,1.0,,,0,,,69.0,,62,2.0,5.0,2.0,5.0,4.0,,,,,1.0,1,0,,,0,0,,195100,Natan,1126166
,88.0,17,D,6.9,False,False,,,,0,,,52.0,1.0,48,2.0,1.0,2.0,6.0,3.0,1.0,,,1.0,,0,0,,,0,0,,47254,Mathías Olivera,1126166
,88.0,99,M,6.3,False,False,1.0,,,0,,,46.0,1.0,44,3.0,,,16.0,4.0,2.0,1.0,3.0,,1.0,0,0,,,0,0,,3406,Frank Anguissa,1126166
,88.0,68,M,6.9,False,False,,,,0,,,66.0,1.0,63,2.0,,2.0,7.0,3.0,1.0,,1.0,1.0,1.0,0,0,,,0,0,,47439,Stanislav Lobotka,1126166
,75.0,20,M,7.5,False,False,2.0,2.0,1.0,0,,,43.0,2.0,39,,,,1.0,,1.0,,,,,0,0,,,1,0,,329,Piotr Zieliński,1126166
,70.0,21,F,7.2,False,False,2.0,2.0,,0,,,28.0,2.0,23,1.0,,,9.0,3.0,,,1.0,2.0,1.0,0,0,,,0,0,,219,Matteo Politano,1126166
,90.0,9,F,6.2,False,False,1.0,1.0,,0,,,8.0,2.0,8,,,,16.0,4.0,2.0,,,2.0,2.0,0,0,,,0,0,,2780,Victor Osimhen,1126166
,90.0,77,F,7.3,False,False,1.0,,,0,,,37.0,3.0,31,1.0,,1.0,16.0,7.0,5.0,4.0,1.0,2.0,,0,0,,,0,0,,483,Khvicha Kvaratskhelia,1126166
,20.0,7,M,6.7,False,True,,,,0,,,17.0,,14,,,,1.0,1.0,1.0,1.0,,,,0,0,,,0,0,,1358,Eljif Elmas,1126166
,15.0,81,F,6.5,False,True,,,,0,,,8.0,,6,,,,1.0,,,,,,,0,0,,,0,0,,30543,Giacomo Raspadori,1126166
,2.0,6,D,,False,True,,,,0,,,3.0,,3,,,,2.0,,,,2.0,,,0,0,,,0,0,,322,Mário Rui,1126166
,2.0,24,M,,False,True,,,,0,,,5.0,,5,,,,,,,,,,,0,0,,,0,0,,15797,Jens Cajuste,1126166
,2.0,18,F,,False,True,,,,0,,,2.0,,1,,,,2.0,1.0,,,,1.0,1.0,0,0,,,0,0,,30414,Giovanni Simeone,1126166
,,14,G,,False,True,,,,0,,,,,,,,,,,,,,,,0,0,,,0,0,,32172,Nikita Contini,1126166
,,16,G,,False,True,,,,0,,,,,,,,,,,,,,,,0,0,,,0,0,,134434,Hubert Idasiak,1126166
,,50,D,,False,True,,,,0,,,,,,,,,,,,,,,,0,0,,,0,0,,384413,Luigi D'Avino,1126166
,,59,D,,False,True,,,,0,,,,,,,,,,,,,,,,0,0,,,0,0,,162907,Alessandro Zanoli,1126166
,,70,M,,False,True,,,,0,,,,,,,,,,,,,,,,0,0,,,0,0,,325,Gianluca Gaetano,1126166
,,29,M,,False,True,,,,0,,,,,,,,,,,,,,,,0,0,,,0,0,,15884,Jesper Lindstrøm,1126166
,,23,F,,False,True,,,,0,,,,,,,,,,,,,,,,0,0,,,0,0,,31219,Alessio Zerbin,1126166
,90.0,25,G,7.2,False,False,,,,2,,5.0,29.0,,22,,,,2.0,2.0,,,,,,1,0,,,0,0,0.0,2273,Kepa Arrizabalaga,1126166
1.0,90.0,2,D,6.3,False,False,,,,0,,,46.0,1.0,37,2.0,,,12.0,5.0,1.0,1.0,1.0,,3.0,0,0,,,0,0,,733,Daniel Carvajal,1126166
,90.0,6,D,6.5,True,False,,,,0,,,48.0,2.0,43,2.0,1.0,1.0,8.0,4.0,,,2.0,1.0,1.0,0,0,,1.0,0,0,,735,Nacho Fernández,1126166
,90.0,22,D,7.2,False,False,,,,0,,,48.0,,42,1.0,4.0,,8.0,6.0,1.0,1.0,,1.0,1.0,0,0,,,0,0,,2285,Antonio Rüdiger,1126166
,64.0,12,D,6.9,False,False,,,,0,1.0,,38.0,1.0,37,2.0,,1.0,8.0,6.0,3.0,2.0,,1.0,1.0,1,0,,,0,0,,2207,Eduardo Camavinga,1126166
,90.0,15,M,7.6,False,False,1.0,1.0,,0,,,44.0,1.0,40,4.0,,2.0,10.0,7.0,2.0,1.0,1.0,,,0,0,,,0,0,,756,Federico Valverde,1126166
,90.0,18,M,7.2,False,False,1.0,,,0,,,65.0,,61,1.0,1.0,,7.0,7.0,,,,,,0,0,,,0,0,,1271,Aurélien Tchouaméni,1126166
,65.0,8,M,7.2,False,False,,,,0,,,52.0,3.0,50,1.0,,,2.0,1.0,,,,,1.0,0,0,,,0,0,,752,Toni Kroos,1126166
,90.0,5,M,9.2,False,False,2.0,1.0,1.0,0,1.0,,55.0,4.0,51,4.0,1.0,2.0,11.0,8.0,4.0,3.0,,,1.0,1,0,,,0,0,,129718,Jude Bellingham,1126166
,75.0,11,F,6.3,False,False,1.0,1.0,,0,,,22.0,1.0,22,1.0,,,6.0,2.0,1.0,,1.0,1.0,,0,0,,,0,0,,10009,Rodrygo,1126166
,84.0,7,F,7.7,False,False,4.0,2.0,1.0,0,,,25.0,,19,2.0,,,16.0,8.0,7.0,3.0,,3.0,2.0,0,0,,,0,0,,762,Vinícius Júnior,1126166
,26.0,23,D,6.9,False,True,,,,0,,,17.0,,15,1.0,,,4.0,3.0,,,,1.0,1.0,0,0,,,0,0,,653,Ferland Mendy,1126166
,25.0,10,M,6.7,False,True,,,,0,,,21.0,,18,1.0,,,3.0,1.0,,,,,,0,0,,,0,0,,754,Luka Modrić,1126166
,15.0,14,F,6.7,False,True,,,,0,,,3.0,,3,1.0,,,5.0,2.0,,,,,,0,0,,,0,0,,18907,Joselu,1126166
,6.0,19,M,,False,True,,,,0,,,2.0,,,,,,3.0,,,,1.0,,1.0,0,0,,,0,0,,748,Dani Ceballos,1126166
,,13,G,,False,True,,,,0,,,,,,,,,,,,,,,,0,0,,,0,0,,47400,Andriy Lunin,1126166
,,31,G,,False,True,,,,0,,,,,,,,,,,,,,,,0,0,,,0,0,,206260,Lucas Cañizares,1126166
,,20,D,,False,True,,,,0,,,,,,,,,,,,,,,,0,0,,,0,0,,736,Fran García,1126166
,,34,D,,False,True,,,,0,,,,,,,,,,,,,,,,0,0,,,0,0,,237174,Álvaro Carrillo,1126166
,,17,M,,False,True,,,,0,,,,,,,,,,,,,,,,0,0,,,0,0,,757,Lucas Vázquez,1126166
,,21,M,,False,True,,,,0,,,,,,,,,,,,,,,,0,0,,,0,0,,744,Brahim Díaz,1126166
,90.0,1,G,7.3,False,False,,,,2,,4.0,26.0,,20,,,,1.0,1.0,,,,,,0,0,,,0,0,0.0,41089,Matheus,1126181
,73.0,17,D,6.5,False,False,,,,0,,,26.0,1.0,20,1.0,,,2.0,1.0,,,,,1.0,0,0,,,0,0,,310029,Josafat Mendes,1126181
,90.0,5,D,6.3,False,False,,,,0,,,45.0,,42,5.0,,1.0,7.0,5.0,,,2.0,,,0,0,,,0,0,,286839,Serdar Saatçı,1126181
,90.0,4,D,6.9,False,False,,,,0,,,50.0,,44,2.0,,,7.0,6.0,,,,2.0,,0,0,,,0,0,,20884,Sikou Niakaté,1126181
,90.0,26,D,6.7,False,False,,,,0,,,38.0,1.0,36,2.0,,,3.0,2.0,,,,,,0,0,,,0,0,,1476,Cristián Borja,1126181
,66.0,18,M,6.9,False,False,1.0,,,0,,,48.0,2.0,48,1.0,,,4.0,3.0,1.0,,,,,0,0,,,0,0,,9355,Vítor Carvalho,1126181
,78.0,8,M,6.9,False,False,1.0,,,0,,,69.0,,61,2.0,,,7.0,3.0,1.0,,2.0,1.0,,0,0,,,0,0,,42006,Mutassim Al Musrati,1126181
,90.0,21,M,7.3,True,False,4.0,1.0,,0,,,37.0,1.0,35,1.0,,1.0,6.0,3.0,1.0,1.0,1.0,1.0,,0,0,,,0,0,,41103,Ricardo Horta,1126181
,90.0,16,M,7.6,False,False,,,,0,,,53.0,4.0,47,3.0,1.0,,12.0,7.0,3.0,2.0,1.0,1.0,2.0,0,0,,,0,0,,108563,Rodrigo Zalazar,1126181
2.0,90.0,14,M,7.9,False,False,1.0,1.0,1.0,0,,,17.0,4.0,14,2.0,,,15.0,8.0,4.0,2.0,1.0,3.0,2.0,0,0,,,0,0,,190489,Álvaro Djaló,1126181
,67.0,23,F,7.5,False,False,2.0,1.0,,0,1.0,,8.0,1.0,4,,,,10.0,5.0,2.0,1.0,,2.0,1.0,0,0,,,0,0,,20674,Simon Banza,1126181
,24.0,7,F,6.6,False,True,,,,0,,,16.0,,16,,,,,,,,,,,0,0,,,0,0,,1163,Bruma,1126181
,23.0,9,F,6.7,False,True,1.0,,,0,,,4.0,,3,,,,1.0,,,,,,,0,0,,,0,0,,155,Abel Ruíz,1126181
,17.0,47,D,6.5,False,True,1.0,,,0,,,16.0,,9,,,,1.0,,,,,,,0,0,,,0,0,,330294,Diogo Fonseca,1126181
,12.0,28,M,7,False,True,,,,0,,,22.0,,22,,,,4.0,2.0,2.0,2.0,,,1.0,0,0,,,0,0,,2677,João Moutinho,1126181
,,91,G,,False,True,,,,0,,,,,,,,,,,,,,,,0,0,,,0,0,,269349,Lukáš Horníček,1126181
,,19,D,,False,True,,,,0,,,,,,,,,,,,,,,,0,0,,,0,0,,47358,Adrián Marín,1126181
,,6,D,,False,True,,,,0,,,,,,,,,,,,,,,,0,0,,,0,0,,2675,José Fonte,1126181
,,15,D,,False,True,,,,0,,,,,,,,,,,,,,,,0,0,,,0,0,,47383,Paulo Oliveira,1126181
,,88,M,,False,True,,,,0,,,,,,,,,,,,,,,,0,0,,,0,0,,50178,André Castro,1126181
,,10,M,,False,True,,,,0,,,,,,,,,,,,,,,,0,0,,,0,0,,51036,André Horta,1126181
,,22,M,,False,True,,,,0,,,,,,,,,,,,,,,,0,0,,,0,0,,572,Pizzi,1126181
,,20,F,,False,True,,,,0,,,,,,,,,,,,,,,,0,0,,,0,0,,111,Rony Lopes,1126181
,90.0,25,G,7,False,False,,,,1,,2.0,34.0,,29,,,,,,,,,,,0,0,,,0,0,0.0,2273,Kepa Arrizabalaga,1126181
,90.0,2,D,6.6,False,False,1.0,,,0,,,38.0,1.0,29,4.0,,,8.0,5.0,,,,,1.0,0,0,,,0,0,,733,Daniel Carvajal,1126181
,90.0,22,D,6.9,False,False,2.0,1.0,,0,,,63.0,,58,,1.0,,3.0,2.0,,,,,,0,0,,,0,0,,2285,Antonio Rüdiger,1126181
,90.0,6,D,6.9,True,False,,,,0,,,63.0,,61,,1.0,,7.0,1.0,,,,,2.0,1,0,,,0,0,,735,Nacho Fernández,1126181
,75.0,20,D,6.9,False,False,,,,0,,,47.0,1.0,45,,,,4.0,1.0,1.0,1.0,1.0,,,0,0,,,0,0,,736,Fran García,1126181
,90.0,15,M,6.9,False,False,1.0,,,0,,,46.0,1.0,45,,,2.0,4.0,,,,2.0,,,0,0,,,0,0,,756,Federico Valverde,1126181
,90.0,12,M,8,False,False,2.0,1.0,,0,,,63.0,,61,7.0,2.0,1.0,22.0,13.0,2.0,1.0,2.0,4.0,5.0,1,0,,,0,0,,2207,Eduardo Camavinga,1126181
,90.0,10,M,7.6,False,False,,,,0,,,74.0,7.0,73,,,,6.0,3.0,1.0,1.0,,2.0,1.0,0,0,,,0,0,,754,Luka Modrić,1126181
,89.0,5,M,8,False,False,2.0,2.0,1.0,0,,,50.0,1.0,40,1.0,1.0,2.0,3.0,2.0,,,,1.0,,0,0,,,0,0,,129718,Jude Bellingham,1126181
1.0,71.0,11,F,6.9,False,False,2.0,1.0,1.0,0,,,16.0,,15,,,,7.0,1.0,3.0,,,,2.0,0,0,,,0,0,,10009,Rodrygo,1126181
5.0,90.0,7,F,7.3,False,False,2.0,1.0,,0,1.0,,31.0,1.0,26,,,,12.0,4.0,8.0,4.0,1.0,,,0,0,,,0,0,,762,Vinícius Júnior,1126181
,19.0,18,M,6.3,False,True,,,,0,,,10.0,,7,,,1.0,4.0,2.0,,,2.0,,,0,0,,,0,0,,1271,Aurélien Tchouaméni,1126181
,15.0,23,D,6.3,False,True,,,,0,,,1.0,,1,,,,,,,,,,,0,0,,,0,0,,653,Ferland Mendy,1126181
,1.0,17,M,,False,True,,,,0,,,,,,,,,,,,,,,,0,0,,,0,0,,757,Lucas Vázquez,1126181
,,13,G,,False,True,,,,0,,,,,,,,,,,,,,,,0,0,,,0,0,,47400,Andriy Lunin,1126181
,,26,G,,False,True,,,,0,,,,,,,,,,,,,,,,0,0,,,0,0,,334575,Diego Piñeiro,1126181
,,4,D,,False,True,,,,0,,,,,,,,,,,,,,,,0,0,,,0,0,,505,David Alaba,1126181
,,8,M,,False,True,,,,0,,,,,,,,,,,,,,,,0,0,,,0,0,,752,Toni Kroos,1126181
,,21,M,,False,True,,,,0,,,,,,,,,,,,,,,,0,0,,,0,0,,744,Brahim Díaz,1126181
,90.0,13,G,8.3,False,False,,,,0,,4.0,18.0,,16,,,,,,,,,,,0,0,,,0,0,1.0,47400,Andriy Lunin,1126206
,74.0,17,D,6.6,False,False,,,,0,1.0,,32.0,2.0,27,,,,2.0,1.0,1.0,1.0,,,2.0,1,0,,1.0,0,0,,757,Lucas Vázquez,1126206
,90.0,22,D,7.2,False,False,1.0,,,0,,,54.0,1.0,51,2.0,,1.0,7.0,3.0,1.0,,1.0,,1.0,0,0,,,0,0,,2285,Antonio Rüdiger,1126206
,90.0,6,D,7.2,True,False,1.0,1.0,,0,,,53.0,,50,2.0,,1.0,8.0,5.0,,,1.0,1.0,,0,0,,,0,0,,735,Nacho Fernández,1126206
,84.0,23,D,6.9,False,False,,,,0,,,52.0,,50,,,,2.0,,,,1.0,,,0,0,,,0,0,,653,Ferland Mendy,1126206
,77.0,15,M,7.7,False,False,2.0,,,0,,,42.0,,40,3.0,1.0,2.0,9.0,6.0,2.0,2.0,1.0,,,0,0,,,0,0,,756,Federico Valverde,1126206
,90.0,12,M,7,False,False,,,,0,,,46.0,,37,4.0,1.0,2.0,23.0,11.0,5.0,4.0,4.0,1.0,5.0,0,0,,,0,0,,2207,Eduardo Camavinga,1126206
1.0,90.0,8,M,7.3,False,False,,,,0,,,86.0,4.0,83,2.0,,,5.0,3.0,,,1.0,1.0,,0,0,,,0,0,,752,Toni Kroos,1126206
,74.0,21,M,7.5,False,False,2.0,2.0,1.0,0,,,40.0,2.0,34,1.0,,,14.0,5.0,7.0,3.0,,1.0,1.0,0,0,,,0,0,,744,Brahim Díaz,1126206
,77.0,11,F,9.2,False,False,4.0,3.0,1.0,0,1.0,,27.0,1.0,24,,,1.0,6.0,5.0,2.0,2.0,1.0,2.0,,0,0,,,0,0,,10009,Rodrygo,1126206
,90.0,7,F,8.9,False,False,1.0,1.0,1.0,0,1.0,,34.0,7.0,25,1.0,,,9.0,2.0,5.0,1.0,,,1.0,0,0,,,0,0,,762,Vinícius Júnior,1126206
,16.0,2,D,6.5,False,True,,,,0,,,14.0,,13,1.0,,1.0,4.0,1.0,1.0,,,,1.0,0,0,,,0,0,,733,Daniel Carvajal,1126206
,16.0,10,M,6.7,False,True,,,,0,,,14.0,,12,,,,,,,,,,,0,0,,,0,0,,754,Luka Modrić,1126206
,13.0,32,M,7.2,False,True,,,,0,,,9.0,,8,1.0,,,7.0,5.0,5.0,4.0,,,,0,0,,,0,0,,350037,Nico Paz,1126206
,13.0,14,F,6.3,False,True,,,,0,,,1.0,,1,,,,1.0,,,,,,,0,0,,,0,0,,18907,Joselu,1126206
,10.0,20,D,6.3,False,True,,,,0,,,6.0,,6,,,,1.0,,,,1.0,,,0,0,,,0,0,,736,Fran García,1126206
,,26,G,,False,True,,,,0,,,,,,,,,,,,,,,,0,0,,,0,0,,334575,Diego Piñeiro,1126206
,,4,D,,False,True,,,,0,,,,,,,,,,,,,,,,0,0,,,0,0,,505,David Alaba,1126206
,,5,M,,False,True,,,,0,,,,,,,,,,,,,,,,0,0,,,0,0,,129718,Jude Bellingham,1126206
,,24,M,,False,True,,,,0,,,,,,,,,,,,,,,,0,0,,,0,0,,291964,Arda Güler,1126206
,90.0,1,G,7,False,False,,,,3,,4.0,29.0,,22,,,,,,,,,,,0,0,,,0,0,0.0,41089,Matheus,1126206
,62.0,2,D,6.5,False,False,,,,0,,,27.0,,25,3.0,,,5.0,4.0,,,1.0,1.0,1.0,0,0,,,0,0,,153290,Victor Gómez,1126206
,90.0,6,D,6.5,False,False,,,,0,,,40.0,,38,2.0,2.0,,4.0,3.0,1.0,1.0,1.0,,,0,0,,,0,0,,2675,José Fonte,1126206
,90.0,4,D,7.3,False,False,,,,0,,,51.0,,43,4.0,4.0,1.0,10.0,8.0,,,,1.0,,0,0,,,0,0,,20884,Sikou Niakaté,1126206
,90.0,26,D,7.3,False,False,,,,0,,,55.0,2.0,53,1.0,,,8.0,5.0,,,1.0,3.0,1.0,0,0,1.0,,0,0,,1476,Cristián Borja,1126206
,90.0,28,M,7.7,False,False,,,,0,,,105.0,1.0,96,4.0,1.0,3.0,10.0,5.0,1.0,1.0,3.0,,,0,0,,,0,0,,2677,João Moutinho,1126206
,90.0,18,M,6.9,False,False,1.0,,,0,,,62.0,1.0,58,1.0,,1.0,5.0,2.0,,,2.0,,,0,0,,,0,0,,9355,Vítor Carvalho,1126206
,62.0,16,M,6.9,False,False,1.0,,,0,,,46.0,1.0,43,3.0,,,9.0,5.0,1.0,1.0,2.0,1.0,1.0,0,0,,,0,0,,108563,Rodrigo Zalazar,1126206
,62.0,21,F,6.6,True,False,,,,0,,,27.0,1.0,23,2.0,,,6.0,4.0,1.0,1.0,1.0,1.0,,0,0,,,0,0,,41103,Ricardo Horta,1126206
,77.0,14,F,6.2,False,False,1.0,1.0,,0,,,14.0,,13,2.0,,,17.0,7.0,6.0,4.0,2.0,1.0,3.0,0,0,,,0,1,,190489,Álvaro Djaló,1126206
1.0,77.0,7,F,6.6,False,False,1.0,1.0,,0,,,32.0,1.0,25,1.0,,1.0,10.0,3.0,6.0,2.0,1.0,,,0,0,,,0,0,,1163,Bruma,1126206
,28.0,17,D,6.9,False,True,,,,0,,,22.0,,20,,,2.0,2.0,1.0,1.0,1.0,1.0,,,0,0,,,0,0,,310029,Josafat Mendes,1126206
,28.0,8,M,7,False,True,1.0,1.0,,0,,,35.0,,33,,,2.0,1.0,,,,1.0,,,0,0,,,0,0,,42006,Mutassim Al Musrati,1126206
,28.0,9,F,6.3,False,True,1.0,1.0,,0,,,13.0,1.0,12,,,,2.0,,,,,,,0,0,,,0,0,,155,Abel Ruíz,1126206
,13.0,10,M,6.7,False,True,,,,0,,,16.0,,14,2.0,,,5.0,2.0,1.0,,1.0,,,0,0,,,0,0,,51036,André Horta,1126206
,13.0,23,F,6.7,False,True,1.0,,,0,,,5.0,,4,,,,4.0,2.0,,,,2.0,1.0,0,0,,,0,0,,20674,Simon Banza,1126206
,,91,G,,False,True,,,,0,,,,,,,,,,,,,,,,0,0,,,0,0,,269349,Lukáš Horníček,1126206
,,19,D,,False,True,,,,0,,,,,,,,,,,,,,,,0,0,,,0,0,,47358,Adrián Marín,1126206
,,5,D,,False,True,,,,0,,,,,,,,,,,,,,,,0,0,,,0,0,,286839,Serdar Saatçı,1126206
,,15,D,,False,True,,,,0,,,,,,,,,,,,,,,,0,0,,,0,0,,47383,Paulo Oliveira,1126206
,,22,M,,False,True,,,,0,,,,,,,,,,,,,,,,0,0,,,0,0,,572,Pizzi,1126206
,,88,M,,False,True,,,,0,,,,,,,,,,,,,,,,0,0,,,0,0,,50178,André Castro,1126206
,,20,F,,False,True,,,,0,,,,,,,,,,,,,,,,0,0,,,0,0,,111,Rony Lopes,1126206
,90.0,13,G,6.3,False,False,,,,2,,1.0,19.0,,16,,,,,,,,,,,0,0,,,0,0,0.0,47400,Andriy Lunin,1126220
,90.0,2,D,7.3,True,False,,,,0,,,41.0,4.0,36,2.0,,2.0,9.0,5.0,,,3.0,2.0,1.0,0,0,,,0,0,,733,Daniel Carvajal,1126220
1.0,90.0,22,D,7.5,False,False,1.0,1.0,,0,1.0,,63.0,2.0,56,3.0,3.0,,8.0,6.0,,,1.0,1.0,1.0,0,0,,,0,0,,2285,Antonio Rüdiger,1126220
,90.0,4,D,7.2,False,False,1.0,,,0,1.0,,50.0,1.0,43,1.0,1.0,1.0,2.0,2.0,,,,,,0,0,,,0,0,,505,David Alaba,1126220
,87.0,23,D,7.2,False,False,,,,0,,,45.0,1.0,41,1.0,1.0,2.0,3.0,2.0,,,,1.0,,0,0,,,0,0,,653,Ferland Mendy,1126220
,90.0,15,M,7.2,False,False,1.0,1.0,,0,,,81.0,,76,3.0,1.0,,4.0,4.0,,,,,,0,0,,,0,0,,756,Federico Valverde,1126220
,90.0,8,M,7.3,False,False,,,,0,,,105.0,1.0,100,1.0,,,9.0,4.0,,,4.0,3.0,,0,0,,,0,0,,752,Toni Kroos,1126220
,57.0,19,M,6.3,False,False,,,,0,,,30.0,1.0,26,,,2.0,6.0,1.0,2.0,1.0,1.0,,1.0,0,0,,,0,0,,748,Dani Ceballos,1126220
,90.0,5,M,9,False,False,2.0,2.0,1.0,0,1.0,,68.0,4.0,63,1.0,,1.0,14.0,7.0,5.0,3.0,3.0,2.0,,0,0,,,0,0,,129718,Jude Bellingham,1126220
,65.0,21,F,7.3,False,False,2.0,,,0,1.0,,23.0,1.0,18,1.0,,,11.0,6.0,3.0,2.0,,3.0,1.0,0,0,,,0,0,,744,Brahim Díaz,1126220
,87.0,11,F,7.6,False,False,3.0,2.0,1.0,0,,,30.0,1.0,29,,,,7.0,3.0,4.0,3.0,1.0,,,0,0,,,0,0,,10009,Rodrygo,1126220
,33.0,14,F,7.3,False,True,8.0,2.0,1.0,0,,,8.0,1.0,5,,,,4.0,2.0,,,,,2.0,0,0,,,0,0,,18907,Joselu,1126220
,25.0,32,M,7.3,False,True,1.0,1.0,1.0,0,,,10.0,,9,1.0,,,5.0,2.0,1.0,,1.0,,,0,0,,,0,0,,350037,Nico Paz,1126220
,11.0,6,D,6.7,False,True,,,,0,,,2.0,,2,,,,,,,,,,,0,0,,,0,0,,735,Nacho Fernández,1126220
,11.0,17,M,6.3,False,True,,,,0,,,3.0,,2,,,1.0,,,,,,,,0,0,,,0,0,,757,Lucas Vázquez,1126220
,,31,G,,False,True,,,,0,,,,,,,,,,,,,,,,0,0,,,0,0,,206260,Lucas Cañizares,1126220
,,30,G,,False,True,,,,0,,,,,,,,,,,,,,,,0,0,,,0,0,,396475,Fran Gonzalez,1126220
,,20,D,,False,True,,,,0,,,,,,,,,,,,,,,,0,0,,,0,0,,736,Fran García,1126220
,,38,M,,False,True,,,,0,,,,,,,,,,,,,,,,0,0,,,0,0,,162547,Théo Zidane,1126220
,,33,F,,False,True,,,,0,,,,,,,,,,,,,,,,0,0,,,0,0,,336711,Gonzalo García,1126220
,,28,M,,False,True,,,,0,,,,,,,,,,,,,,,,0,0,,,0,0,,343205,Mario Martín,1126220
,90.0,1,G,6.7,False,False,,,,4,,5.0,28.0,,24,,,,,,,,,,,0,0,,,0,0,0.0,312,Alex Meret,1126220
,90.0,22,D,7.9,True,False,,,,0,1.0,,46.0,4.0,41,4.0,,1.0,8.0,7.0,1.0,1.0,,1.0,,0,0,,,0,0,,31042,Giovanni Di Lorenzo,1126220
,90.0,13,D,6.9,False,False,,,,0,,,59.0,1.0,56,3.0,,1.0,6.0,5.0,1.0,1.0,1.0,,,0,0,,,0,0,,1314,Amir Rrahmani,1126220
,90.0,3,D,6.3,False,False,,,,0,,,59.0,1.0,54,,1.0,1.0,6.0,1.0,,,1.0,,1.0,0,0,,,0,0,,195100,Natan,1126220
,87.0,5,D,6.5,False,False,,,,0,,,68.0,,57,2.0,,,4.0,3.0,,,1.0,1.0,,0,0,,,0,0,,774,Juan Jesus,1126220
,90.0,99,M,7.3,False,False,1.0,1.0,1.0,0,,,57.0,1.0,52,1.0,,1.0,9.0,4.0,3.0,3.0,2.0,,1.0,0,0,,,0,0,,3406,Frank Anguissa,1126220
,87.0,68,M,6.3,False,False,,,,0,,,47.0,,44,2.0,,1.0,6.0,3.0,1.0,1.0,2.0,,2.0,0,0,,,0,0,,47439,Stanislav Lobotka,1126220
,65.0,20,M,6.7,False,False,,,,0,,,45.0,1.0,36,,,2.0,4.0,2.0,1.0,,,2.0,1.0,1,0,,,0,0,,329,Piotr Zieliński,1126220
,78.0,21,F,6.6,False,False,,,,0,,,35.0,2.0,32,,,,7.0,1.0,3.0,1.0,2.0,,1.0,0,0,,,0,0,,219,Matteo Politano,1126220
,45.0,18,F,7.3,False,False,2.0,2.0,1.0,0,,,6.0,,6,,,,6.0,1.0,2.0,,,1.0,,0,0,,,0,0,,30414,Giovanni Simeone,1126220
,90.0,77,F,6.6,False,False,1.0,,,0,,,34.0,1.0,29,2.0,,,16.0,6.0,7.0,3.0,,1.0,5.0,0,0,,,0,0,,483,Khvicha Kvaratskhelia,1126220
1.0,45.0,9,F,6.3,False,True,,,,0,,,9.0,,8,,,,2.0,1.0,1.0,1.0,,,,0,0,,,0,0,,2780,Victor Osimhen,1126220
,25.0,7,M,6.7,False,True,,,,0,,,7.0,,6,,,,2.0,2.0,2.0,2.0,,,,0,0,,,0,0,,1358,Eljif Elmas,1126220
,12.0,24,M,6.5,False,True,,,,0,,,12.0,,11,1.0,,1.0,2.0,1.0,,,,,2.0,1,0,,,0,0,,15797,Jens Cajuste,1126220
,11.0,59,D,6.3,False,True,,,,0,,,3.0,,3,,,,3.0,1.0,3.0,1.0,,,,0,0,,,0,0,,162907,Alessandro Zanoli,1126220
,11.0,81,F,6.7,False,True,1.0,,,0,,,3.0,,2,,,,1.0,,,,,,1.0,0,0,,,0,0,,30543,Giacomo Raspadori,1126220
,,95,G,,False,True,,,,0,,,,,,,,,,,,,,,,0,0,,,0,0,,30418,Pierluigi Gollini,1126220
,,14,G,,False,True,,,,0,,,,,,,,,,,,,,,,0,0,,,0,0,,32172,Nikita Contini,1126220
,,55,D,,False,True,,,,0,,,,,,,,,,,,,,,,0,0,,,0,0,,18967,Leo Østigård,1126220
,,70,M,,False,True,,,,0,,,,,,,,,,,,,,,,0,0,,,0,0,,325,Gianluca Gaetano,1126220
,,23,F,,False,True,,,,0,,,,,,,,,,,,,,,,0,0,,,0,0,,31219,Alessio Zerbin,1126220
,90.0,1,G,8,False,False,,,,3,,6.0,25.0,,20,,,,,,,,,,,0,0,,,0,0,1.0,1798,Frederik Rønnow,1126229
,82.0,18,D,6.3,False,False,,,,0,,,21.0,1.0,20,,,,,,,,,,,0,0,,,0,0,,14330,Josip Juranović,1126229
,75.0,3,D,6.7,False,False,,,,0,,,25.0,,18,2.0,,3.0,5.0,2.0,,,,,1.0,0,0,,,0,0,,25147,Paul Jaeckel,1126229
,90.0,31,D,6.5,False,False,,,,0,,,35.0,,30,1.0,1.0,1.0,2.0,1.0,,,1.0,,,0,0,,,0,0,,25403,Robin Knoche,1126229
,90.0,4,D,6,False,False,,,,0,,,34.0,1.0,28,4.0,1.0,,12.0,7.0,1.0,,2.0,2.0,2.0,0,0,,1.0,0,0,,376,Diogo Leite,1126229
,90.0,26,D,6.5,False,False,1.0,1.0,,0,,,20.0,1.0,15,1.0,1.0,,6.0,2.0,2.0,1.0,1.0,,,0,0,,,0,0,,25404,Jérôme Roussillon,1126229
,90.0,19,M,6.3,False,False,,,,0,,,34.0,,27,2.0,,,11.0,6.0,1.0,1.0,4.0,1.0,1.0,0,0,,,0,0,,26249,Janik Haberer,1126229
,75.0,8,M,6.7,True,False,,,,0,,,25.0,1.0,22,1.0,,,6.0,2.0,,,2.0,,1.0,1,0,,,0,0,,25300,Rani Khedira,1126229
,75.0,6,M,7.2,False,False,2.0,,,0,,,18.0,,13,3.0,1.0,,5.0,3.0,,,1.0,,,0,0,,,0,0,,30422,Robin Gosens,1126229
1.0,82.0,10,F,7,False,False,1.0,1.0,1.0,0,,,15.0,1.0,10,1.0,,1.0,4.0,2.0,,,,1.0,1.0,0,0,,,0,0,,989,Kevin Volland,1126229
,90.0,17,F,6.3,False,False,2.0,2.0,,0,,,18.0,,10,,,,6.0,3.0,,,1.0,1.0,1.0,0,0,,,0,0,,25192,Kevin Behrens,1126229
,15.0,20,M,6.9,False,True,1.0,,,0,1.0,,7.0,1.0,6,1.0,,,5.0,2.0,2.0,1.0,,,2.0,1,0,,,0,0,,43246,Aissa Laïdouni,1126229
,15.0,33,M,7.3,False,True,1.0,1.0,1.0,0,,,6.0,,4,1.0,,,1.0,1.0,,,,,,0,0,,,0,0,,1234,Alex Král,1126229
,15.0,27,F,6.6,False,True,,,,0,,,6.0,1.0,4,,,1.0,,,,,,,,0,0,,,0,0,,37938,Sheraldo Becker,1126229
,8.0,7,M,6.5,False,True,,,,0,,,8.0,,5,,,,1.0,,,,,,1.0,0,0,,,0,0,,50739,Brenden Aaronson,1126229
,8.0,28,D,6.5,False,True,,,,0,,,5.0,,3,1.0,,,1.0,1.0,,,,,,0,0,,,0,0,,24848,Christopher Trimmel,1126229
,,39,G,,False,True,,,,0,,,,,,,,,,,,,,,,0,0,,,0,0,,286728,Yannic Stein,1126229
,,37,G,,False,True,,,,0,,,,,,,,,,,,,,,,0,0,,,0,0,,26234,Alexander Schwolow,1126229
,,38,M,,False,True,,,,0,,,,,,,,,,,,,,,,0,0,,,0,0,,129138,Laurenz Dehl,1126229
,,11,F,,False,True,,,,0,,,,,,,,,,,,,,,,0,0,,,0,0,,291476,David Datro Fofana,1126229
,90.0,25,G,6.9,False,False,,,,2,,3.0,28.0,,27,,,,1.0,1.0,,,,1.0,,0,0,,,0,0,0.0,2273,Kepa Arrizabalaga,1126229
,90.0,17,D,7.6,False,False,1.0,1.0,,0,,,90.0,2.0,85,2.0,,,6.0,5.0,2.0,1.0,,2.0,,0,0,,,0,0,,757,Lucas Vázquez,1126229
,90.0,6,D,6.3,True,False,,,,0,,,87.0,,85,,,1.0,3.0,2.0,,,,1.0,,0,0,,,0,0,,735,Nacho Fernández,1126229
,71.0,4,D,6.2,False,False,1.0,,,0,,,73.0,,69,,,1.0,3.0,1.0,,,,,1.0,1,0,,,0,0,,505,David Alaba,1126229
,90.0,20,D,7.2,False,False,,,,0,1.0,,91.0,3.0,83,1.0,,1.0,5.0,2.0,,,1.0,1.0,,0,0,,,0,0,,736,Fran García,1126229
,90.0,10,M,7,False,False,2.0,1.0,,0,,,113.0,4.0,108,,,2.0,5.0,,1.0,,,,2.0,0,0,,,0,1,,754,Luka Modrić,1126229
,45.0,15,M,6.9,False,False,1.0,,,0,,,46.0,,44,,,,2.0,1.0,1.0,1.0,,,,0,0,,,0,0,,756,Federico Valverde,1126229
,89.0,19,M,8.2,False,False,2.0,1.0,1.0,0,,,103.0,2.0,97,3.0,,1.0,9.0,6.0,2.0,2.0,1.0,1.0,,0,0,,,0,0,,748,Dani Ceballos,1126229
,90.0,5,M,7.9,False,False,3.0,1.0,,0,1.0,,89.0,3.0,85,1.0,,,11.0,7.0,5.0,4.0,,1.0,1.0,1,0,,,0,0,,129718,Jude Bellingham,1126229
,90.0,14,F,8.9,False,False,6.0,2.0,2.0,0,,,24.0,,19,,,,5.0,3.0,,,,1.0,,0,0,,,0,0,,18907,Joselu,1126229
,80.0,11,F,7.6,False,False,2.0,2.0,,0,1.0,,56.0,4.0,56,,,,7.0,3.0,6.0,3.0,,,,0,0,,,0,0,,10009,Rodrygo,1126229
,45.0,8,M,6.9,False,True,1.0,1.0,,0,,,59.0,,56,,,,2.0,,,,1.0,,,0,0,,,0,0,,752,Toni Kroos,1126229
,19.0,22,D,6.3,False,True,,,,0,,,10.0,,10,,,,1.0,1.0,,,,1.0,,0,0,,,0,0,,2285,Antonio Rüdiger,1126229
,10.0,21,M,6.2,False,True,,,,0,,,10.0,,10,,,,3.0,,1.0,,,,1.0,0,0,,,0,0,,744,Brahim Díaz,1126229
,1.0,32,M,,False,True,,,,0,,,5.0,,5,,,,2.0,1.0,2.0,1.0,,,,0,0,,,0,0,,350037,Nico Paz,1126229
,,13,G,,False,True,,,,0,,,,,,,,,,,,,,,,0,0,,,0,0,,47400,Andriy Lunin,1126229
,,31,G,,False,True,,,,0,,,,,,,,,,,,,,,,0,0,,,0,0,,206260,Lucas Cañizares,1126229
,,23,D,,False,True,,,,0,,,,,,,,,,,,,,,,0,0,,,0,0,,653,Ferland Mendy,1126229
,,36,D,,False,True,,,,0,,,,,,,,,,,,,,,,0,0,,,0,0,,279792,Vinícius Tobías,1126229
,,33,F,,False,True,,,,0,,,,,,,,,,,,,,,,0,0,,,0,0,,336711,Gonzalo García,1126229
,,28,M,,False,True,,,,0,,,,,,,,,,,,,,,,0,0,,,0,0,,343205,Mario Martín,1126229
,90.0,1,G,6.7,False,False,,,,1,,2.0,31.0,,25,,,,,,,,,,,0,0,,,0,0,0.0,1139,Péter Gulácsi,1149512
,90.0,2,D,6.2,False,False,,,,0,,,47.0,,34,3.0,,2.0,11.0,5.0,,,5.0,2.0,,1,0,,,0,0,,22250,Mohamed Simakan,1149512
,90.0,16,D,6.9,False,False,,,,0,,,72.0,,70,2.0,,,4.0,3.0,,,1.0,,,0,0,,,0,0,,1144,Lukas Klostermann,1149512
,90.0,4,D,7.2,True,False,,,,0,,,96.0,,92,4.0,3.0,1.0,9.0,5.0,1.0,1.0,1.0,,1.0,0,0,,,0,0,,1148,Willi Orbán,1149512
1.0,90.0,22,D,7.5,False,False,,,,0,,,42.0,1.0,38,4.0,2.0,3.0,8.0,5.0,,,3.0,1.0,,0,0,,,0,0,,25158,David Raum,1149512
1.0,75.0,39,M,7.3,False,False,1.0,1.0,,0,,,56.0,2.0,49,3.0,,,5.0,3.0,,,1.0,,,0,0,,,0,0,,98,Benjamin Henrichs,1149512
,89.0,24,M,7.2,False,False,,,,0,,,72.0,1.0,64,3.0,,2.0,8.0,4.0,,,2.0,1.0,,0,0,,,0,0,,1095,Xaver Schlager,1149512
,76.0,7,M,7.3,False,False,3.0,2.0,,0,,,25.0,2.0,18,,,,11.0,3.0,2.0,1.0,3.0,2.0,2.0,0,0,,,0,0,,1323,Dani Olmo,1149512
,90.0,20,M,7.6,False,False,1.0,1.0,,0,,,47.0,3.0,38,2.0,,2.0,19.0,9.0,2.0,2.0,3.0,4.0,1.0,0,0,,,0,0,,162016,Xavi Simons,1149512
,75.0,17,F,6.5,False,False,,,,0,,,12.0,,11,,,,10.0,3.0,3.0,1.0,,2.0,2.0,0,0,,,0,0,,86,Loïs Openda,1149512
,90.0,30,F,6.2,False,False,5.0,4.0,,0,,,20.0,,15,2.0,,1.0,11.0,4.0,1.0,1.0,,,1.0,1,0,,,0,0,,115589,Benjamin Šeško,1149512
,15.0,8,M,7.7,False,True,2.0,1.0,,0,,,10.0,2.0,8,,1.0,,1.0,,,,,,1.0,0,0,,,0,0,,1153,Amadou Haidara,1149512
,15.0,9,F,6.5,False,True,,,,0,,,3.0,,3,,,,3.0,,,,1.0,,1.0,1,0,,,0,0,,1167,Yussuf Poulsen,1149512
,14.0,6,M,6.6,False,True,,,,0,,,4.0,,3,1.0,,1.0,2.0,1.0,,,,,1.0,0,0,,,0,0,,1358,Eljif Elmas,1149512
,1.0,44,M,,False,True,,,,0,,,4.0,,4,,,,,,,,,,,0,0,,,0,0,,1155,Kevin Kampl,1149512
,,21,G,,False,True,,,,0,,,,,,,,,,,,,,,,0,0,,,0,0,,37246,Janis Blaswich,1149512
,,25,G,,False,True,,,,0,,,,,,,,,,,,,,,,0,0,,,0,0,,24814,Leopold Zingerle,1149512
,,23,D,,False,True,,,,0,,,,,,,,,,,,,,,,0,0,,,0,0,,162761,Castello Lukeba,1149512
,,5,D,,False,True,,,,0,,,,,,,,,,,,,,,,0,0,,,0,0,,268571,El Chadaille Bitshiabu,1149512
,,13,M,,False,True,,,,0,,,,,,,,,,,,,,,,0,0,,,0,0,,7328,Nicolas Seiwald,1149512
,,38,M,,False,True,,,,0,,,,,,,,,,,,,,,,0,0,,,0,0,,413072,Nuha Jatta,1149512
,,3,D,,False,True,,,,0,,,,,,,,,,,,,,,,0,0,,,0,0,,24841,Christopher Lenz,1149512
,,14,M,,False,True,,,,0,,,,,,,,,,,,,,,,0,0,,,0,0,,715,Christoph Baumgartner,1149512
,90.0,13,G,9.7,False,False,,,,0,,9.0,25.0,,21,,,,,,,,,,,0,0,,,0,0,0.0,47400,Andriy Lunin,1149512
,90.0,2,D,7.5,False,False,,,,0,1.0,,50.0,1.0,44,2.0,,,11.0,5.0,1.0,1.0,,1.0,4.0,1,0,,,0,0,,733,Daniel Carvajal,1149512
,90.0,18,D,7.7,False,False,1.0,,,0,,,43.0,,37,2.0,1.0,5.0,6.0,5.0,,,1.0,2.0,,0,0,,,0,0,,1271,Aurélien Tchouaméni,1149512
,90.0,6,D,7.2,True,False,,,,0,,,39.0,,38,1.0,,1.0,4.0,3.0,1.0,1.0,1.0,,,0,0,,,0,0,,735,Nacho Fernández,1149512
,90.0,23,D,7.3,False,False,,,,0,,,64.0,1.0,58,1.0,,1.0,8.0,6.0,4.0,3.0,,1.0,1.0,0,0,,,0,0,,653,Ferland Mendy,1149512
,90.0,15,M,7,False,False,,,,0,,,64.0,,49,3.0,1.0,3.0,14.0,7.0,4.0,1.0,1.0,1.0,2.0,0,0,,,0,0,,756,Federico Valverde,1149512
,90.0,8,M,7.5,False,False,1.0,1.0,,0,,,87.0,1.0,82,2.0,,2.0,5.0,3.0,,,1.0,1.0,1.0,0,0,,,0,0,,752,Toni Kroos,1149512
,90.0,12,M,7.7,False,False,1.0,1.0,,0,,,68.0,2.0,63,1.0,,,10.0,7.0,2.0,2.0,,3.0,1.0,0,0,,,0,0,,2207,Eduardo Camavinga,1149512
,84.0,21,M,8,False,False,1.0,1.0,1.0,0,,,33.0,4.0,28,2.0,,,16.0,9.0,9.0,6.0,1.0,1.0,,0,0,,,0,0,,744,Brahim Díaz,1149512
,84.0,11,F,7,False,False,2.0,,,0,,,32.0,2.0,30,3.0,,1.0,10.0,3.0,4.0,,,,2.0,0,0,,,0,0,,10009,Rodrygo,1149512
,90.0,7,F,6.9,False,False,2.0,,,0,,,29.0,3.0,21,,,,14.0,6.0,9.0,6.0,,,1.0,1,0,,,0,0,,762,Vinícius Júnior,1149512
,11.0,17,M,6.5,False,True,,,,0,,,6.0,,6,,,,1.0,,,,1.0,,,0,0,,,0,0,,757,Lucas Vázquez,1149512
,11.0,14,F,6.9,False,True,1.0,,,0,,,8.0,,7,,,,3.0,3.0,,,,,,0,0,,,0,0,,18907,Joselu,1149512
,,30,G,,False,True,,,,0,,,,,,,,,,,,,,,,0,0,,,0,0,,396475,Fran Gonzalez,1149512
,,25,G,,False,True,,,,0,,,,,,,,,,,,,,,,0,0,,,0,0,,2273,Kepa Arrizabalaga,1149512
,,20,D,,False,True,,,,0,,,,,,,,,,,,,,,,0,0,,,0,0,,736,Fran García,1149512
,,34,D,,False,True,,,,0,,,,,,,,,,,,,,,,0,0,,,0,0,,237174,Álvaro Carrillo,1149512
,,41,D,,False,True,,,,0,,,,,,,,,,,,,,,,0,0,,,0,0,,386305,Jacobo Naveros,1149512
,,10,M,,False,True,,,,0,,,,,,,,,,,,,,,,0,0,,,0,0,,754,Luka Modrić,1149512
,,24,M,,False,True,,,,0,,,,,,,,,,,,,,,,0,0,,,0,0,,291964,Arda Güler,1149512
,,32,M,,False,True,,,,0,,,,,,,,,,,,,,,,0,0,,,0,0,,350037,Nico Paz,1149512
,,28,M,,False,True,,,,0,,,,,,,,,,,,,,,,0,0,,,0,0,,343205,Mario Martin,1149512
,,19,M,,False,True,,,,0,,,,,,,,,,,,,,,,0,0,,,0,0,,748,Dani Ceballos,1149512
,90.0,13,G,6.6,False,False,,,,1,,3.0,28.0,,18,,,,1.0,,,,1.0,,,0,0,,,0,0,0.0,47400,Andriy Lunin,1149513
,90.0,2,D,7.3,False,False,,,,0,,,52.0,1.0,44,1.0,1.0,1.0,8.0,4.0,1.0,1.0,1.0,2.0,,0,0,,,0,0,,733,Daniel Carvajal,1149513
,90.0,22,D,7,False,False,,,,0,,,49.0,,43,1.0,3.0,,3.0,3.0,,,,1.0,,0,0,,,0,0,,2285,Antonio Rüdiger,1149513
,90.0,6,D,6.6,True,False,,,,0,,,61.0,,59,,,,4.0,2.0,,,,1.0,,0,0,,,0,0,,735,Nacho Fernández,1149513
,90.0,23,D,6.7,False,False,,,,0,,,37.0,,34,2.0,,1.0,9.0,3.0,2.0,1.0,2.0,,1.0,0,0,,,0,0,,653,Ferland Mendy,1149513
,90.0,18,M,6.9,False,False,,,,0,,,57.0,1.0,56,1.0,1.0,,7.0,1.0,,,1.0,,3.0,1,0,,,0,0,,1271,Aurélien Tchouaméni,1149513
,78.0,8,M,7.7,False,False,,,,0,,,73.0,,69,4.0,,1.0,11.0,8.0,2.0,2.0,1.0,2.0,2.0,1,0,,,0,0,,752,Toni Kroos,1149513
,45.0,12,M,6.9,False,False,,,,0,,,24.0,,22,1.0,,1.0,5.0,3.0,1.0,1.0,,,,0,0,,,0,0,,2207,Eduardo Camavinga,1149513
1.0,90.0,15,F,7.2,False,False,1.0,,,0,,,48.0,3.0,43,1.0,,1.0,5.0,3.0,,,,1.0,1.0,0,0,,,0,0,,756,Federico Valverde,1149513
,85.0,5,F,7.3,False,False,2.0,,,0,1.0,,39.0,2.0,32,,,,15.0,7.0,3.0,2.0,,3.0,2.0,0,0,,,0,0,,129718,Jude Bellingham,1149513
,90.0,7,F,7.2,False,False,1.0,1.0,1.0,0,,,26.0,1.0,22,1.0,,,19.0,8.0,8.0,4.0,1.0,3.0,2.0,1,0,,,0,0,,762,Vinícius Júnior,1149513
,45.0,11,F,7.2,False,True,2.0,2.0,,0,,,7.0,2.0,6,,1.0,,5.0,2.0,2.0,1.0,1.0,1.0,,0,0,,,0,0,,10009,Rodrygo,1149513
,12.0,10,M,6.6,False,True,,,,0,,,11.0,,11,,,1.0,2.0,1.0,,,,,,0,0,,,0,0,,754,Luka Modrić,1149513
,10.0,14,F,6.7,False,True,,,,0,,,2.0,1.0,2,,,,1.0,,,,,,1.0,0,0,,,0,0,,18907,Joselu,1149513
,,30,G,,False,True,,,,0,,,,,,,,,,,,,,,,0,0,,,0,0,,396475,Fran Gonzalez,1149513
,,25,G,,False,True,,,,0,,,,,,,,,,,,,,,,0,0,,,0,0,,2273,Kepa Arrizabalaga,1149513
,,17,M,,False,True,,,,0,,,,,,,,,,,,,,,,0,0,,,0,0,,757,Lucas Vázquez,1149513
,,20,D,,False,True,,,,0,,,,,,,,,,,,,,,,0,0,,,0,0,,736,Fran García,1149513
,,19,M,,False,True,,,,0,,,,,,,,,,,,,,,,0,0,,,0,0,,748,Dani Ceballos,1149513
,,21,M,,False,True,,,,0,,,,,,,,,,,,,,,,0,0,,,0,0,,744,Brahim Díaz,1149513
,,24,M,,False,True,,,,0,,,,,,,,,,,,,,,,0,0,,,0,0,,291964,Arda Güler,1149513
,90.0,1,G,6.9,False,False,,,,1,,3.0,18.0,,16,,,,,,,,,,,0,0,,,0,0,0.0,1139,Péter Gulácsi,1149513
,90.0,39,D,7.3,False,False,1.0,1.0,,0,,,46.0,2.0,37,6.0,,1.0,17.0,10.0,3.0,2.0,2.0,2.0,3.0,0,0,,,0,0,,98,Benjamin Henrichs,1149513
,90.0,4,D,8.3,True,False,4.0,1.0,1.0,0,,,51.0,1.0,44,,3.0,,9.0,7.0,,,1.0,2.0,1.0,1,0,,,0,0,,1148,Willi Orbán,1149513
,90.0,23,D,6.5,False,False,,,,0,,,59.0,,54,,,,2.0,,,,1.0,,,0,0,,,0,0,,162761,Castello Lukeba,1149513
,90.0,22,D,7.9,False,False,,,,0,1.0,,34.0,4.0,29,3.0,1.0,2.0,6.0,4.0,,,1.0,,2.0,1,0,,,0,0,,25158,David Raum,1149513
,89.0,8,M,7.3,False,False,,,,0,,,69.0,2.0,63,3.0,,1.0,8.0,5.0,,,1.0,,1.0,0,0,,,0,0,,1153,Amadou Haidara,1149513
,85.0,24,M,7,False,False,,,,0,,,38.0,1.0,34,3.0,1.0,,8.0,4.0,,,1.0,,3.0,1,0,,,0,0,,1095,Xaver Schlager,1149513
,90.0,7,M,7.3,False,False,3.0,,,0,,,36.0,1.0,30,4.0,,,14.0,7.0,3.0,1.0,,2.0,3.0,0,0,,,0,0,,1323,Dani Olmo,1149513
,90.0,20,M,8,False,False,1.0,1.0,,0,,,39.0,4.0,36,,,,11.0,7.0,4.0,3.0,,4.0,1.0,0,0,,,0,0,,162016,Xavi Simons,1149513
1.0,85.0,30,F,6.3,False,False,1.0,1.0,,0,,,15.0,,13,,,,7.0,1.0,1.0,,2.0,,,0,0,,,0,0,,115589,Benjamin Šeško,1149513
,77.0,17,F,6.9,False,False,4.0,,,0,,,15.0,1.0,8,,,,8.0,2.0,1.0,1.0,3.0,1.0,,0,0,,,0,0,,86,Loïs Openda,1149513
,13.0,9,F,6.7,False,True,,,,0,,,5.0,,3,,,,1.0,1.0,,,,,,0,0,,,0,0,,1167,Yussuf Poulsen,1149513
,10.0,14,M,6.6,False,True,,,,0,,,3.0,1.0,3,,,,2.0,,,,,,1.0,0,0,,,0,0,,715,Christoph Baumgartner,1149513
,10.0,6,M,6.9,False,True,,,,0,,,2.0,,2,,,,2.0,2.0,1.0,1.0,,1.0,,0,0,,,0,0,,1358,Eljif Elmas,1149513
,1.0,44,M,,False,True,,,,0,,,2.0,,2,,,,,,,,,,,0,0,,,0,0,,1155,Kevin Kampl,1149513
,,25,G,,False,True,,,,0,,,,,,,,,,,,,,,,0,0,,,0,0,,24814,Leopold Zingerle,1149513
,,21,G,,False,True,,,,0,,,,,,,,,,,,,,,,0,0,,,0,0,,37246,Janis Blaswich,1149513
,,5,D,,False,True,,,,0,,,,,,,,,,,,,,,,0,0,,,0,0,,268571,El Chadaille Bitshiabu,1149513
,,13,M,,False,True,,,,0,,,,,,,,,,,,,,,,0,0,,,0,0,,7328,Nicolas Seiwald,1149513
,,3,D,,False,True,,,,0,,,,,,,,,,,,,,,,0,0,,,0,0,,24841,Christopher Lenz,1149513
,,38,M,,False,True,,,,0,,,,,,,,,,,,,,,,0,0,,,0,0,,413072,Nuha Jatta,1149513
,90.0,13,G,6,False,False,,,,3,,3.0,30.0,,23,,,,,,,,,,,0,0,,,0,0,0.0,47400,Andriy Lunin,1184779
,90.0,2,D,6.5,True,False,1.0,,,0,,,35.0,2.0,24,3.0,1.0,,11.0,6.0,1.0,,,1.0,2.0,1,0,,,0,0,,733,Daniel Carvajal,1184779
,90.0,18,D,6.5,False,False,,,,0,,,54.0,1.0,51,,2.0,1.0,1.0,,,,,,1.0,1,0,,,0,0,,1271,Aurélien Tchouaméni,1184779
,90.0,22,D,6.5,False,False,,,,0,,,51.0,,41,3.0,,2.0,5.0,3.0,,,,,1.0,0,0,,,0,0,,2285,Antonio Rüdiger,1184779
,90.0,23,D,6.2,False,False,,,,0,,,23.0,,20,,,1.0,4.0,3.0,1.0,1.0,,2.0,1.0,0,0,,,0,0,,653,Ferland Mendy,1184779
,90.0,12,M,6.9,False,False,1.0,,,0,,,41.0,1.0,36,3.0,,1.0,13.0,7.0,3.0,1.0,1.0,2.0,2.0,0,0,,,0,0,,2207,Eduardo Camavinga,1184779
,72.0,8,M,6.9,False,False,,,,0,,,55.0,,53,3.0,,2.0,5.0,3.0,,,1.0,,,0,0,,,0,0,,752,Toni Kroos,1184779
,90.0,15,M,7.3,False,False,3.0,2.0,1.0,0,,,26.0,1.0,22,1.0,,,8.0,3.0,2.0,1.0,1.0,,1.0,0,0,,,0,0,,756,Federico Valverde,1184779
,90.0,5,M,6.3,False,False,1.0,,,0,,,31.0,,27,2.0,,,16.0,8.0,5.0,3.0,1.0,1.0,1.0,0,0,,,0,0,,129718,Jude Bellingham,1184779
,72.0,11,M,7.6,False,False,3.0,2.0,1.0,0,,,24.0,2.0,22,1.0,,,4.0,3.0,2.0,1.0,,1.0,,0,0,,,0,0,,10009,Rodrygo,1184779
,86.0,7,F,7.3,False,False,3.0,1.0,,0,2.0,,23.0,4.0,20,2.0,1.0,,15.0,4.0,6.0,1.0,,1.0,2.0,0,0,,,0,0,,762,Vinícius Júnior,1184779
,18.0,21,M,6.6,False,True,,,,0,,,4.0,,4,1.0,,,4.0,2.0,,,,1.0,,0,0,,,0,0,,744,Brahim Díaz,1184779
,18.0,10,M,7.2,False,True,,,,0,,,24.0,1.0,21,1.0,,,2.0,2.0,,,,,,0,0,,,0,0,,754,Luka Modrić,1184779
,8.0,14,F,6.5,False,True,,,,0,,,2.0,,1,,,,1.0,,,,,,,0,0,,,0,0,,18907,Joselu,1184779
,,30,G,,False,True,,,,0,,,,,,,,,,,,,,,,0,0,,,0,0,,396475,Fran Gonzalez,1184779
,,25,G,,False,True,,,,0,,,,,,,,,,,,,,,,0,0,,,0,0,,2273,Kepa Arrizabalaga,1184779
,,3,D,,False,True,,,,0,,,,,,,,,,,,,,,,0,0,,,0,0,,372,Éder Militão,1184779
,,20,D,,False,True,,,,0,,,,,,,,,,,,,,,,0,0,,,0,0,,736,Fran García,1184779
,,6,D,,False,True,,,,0,,,,,,,,,,,,,,,,0,0,,,0,0,,735,Nacho Fernández,1184779
,,17,M,,False,True,,,,0,,,,,,,,,,,,,,,,0,0,,,0,0,,757,Lucas Vázquez,1184779
,,19,M,,False,True,,,,0,,,,,,,,,,,,,,,,0,0,,,0,0,,748,Dani Ceballos,1184779
,,24,M,,False,True,,,,0,,,,,,,,,,,,,,,,0,0,,,0,0,,291964,Arda Güler,1184779
,90.0,18,G,6.2,False,False,,,,3,,3.0,41.0,,28,,,,,,,,,,,0,0,,,0,0,0.0,25004,Stefan Ortega,1184779
,90.0,25,D,6.3,False,False,,,,0,,,83.0,,80,4.0,,,7.0,4.0,,,,,2.0,1,0,,,0,0,,5,Manuel Akanji,1184779
,90.0,5,D,6.9,False,False,,,,0,1.0,,64.0,1.0,61,1.0,,1.0,2.0,1.0,,,,,,0,0,,,0,0,,626,John Stones,1184779
,90.0,3,D,6.7,True,False,,,,0,,,86.0,,81,2.0,,,7.0,7.0,,,,2.0,,0,0,,,0,0,,567,Rúben Dias,1184779
,90.0,24,D,7.9,False,False,1.0,1.0,1.0,0,,,69.0,1.0,62,4.0,,3.0,10.0,6.0,,,,,1.0,0,0,,,0,0,,129033,Joško Gvardiol,1184779
,90.0,16,M,7.5,False,False,1.0,,,0,,,126.0,,117,4.0,,1.0,10.0,7.0,1.0,1.0,1.0,1.0,,0,0,,,0,0,,44,Rodri,1184779
,90.0,8,M,6.9,False,False,,,,0,,,66.0,2.0,63,1.0,,2.0,10.0,4.0,3.0,1.0,1.0,2.0,,0,0,,,0,0,,2291,Mateo Kovačić,1184779
,90.0,20,M,7.5,False,False,2.0,2.0,1.0,0,,,62.0,2.0,57,2.0,1.0,,12.0,3.0,3.0,1.0,3.0,,1.0,1,0,,,0,0,,636,Bernardo Silva,1184779
,87.0,47,M,6.9,False,False,2.0,2.0,1.0,0,,,46.0,,43,,,,10.0,2.0,1.0,1.0,1.0,1.0,3.0,0,0,,,0,0,,631,Phil Foden,1184779
,90.0,10,M,7.2,False,False,1.0,,,0,1.0,,35.0,2.0,28,1.0,,,10.0,6.0,1.0,,1.0,4.0,,0,0,,,0,0,,19187,Jack Grealish,1184779
,90.0,9,F,6.9,False,False,1.0,1.0,,0,,,9.0,1.0,6,3.0,,,10.0,5.0,1.0,,1.0,1.0,2.0,0,0,,,0,0,,1100,Erling Haaland,1184779
,3.0,19,F,,False,True,,,,0,,,3.0,,3,,1.0,,1.0,,,,,,,0,0,,,0,0,,6009,Julián Álvarez,1184779
,,33,G,,False,True,,,,0,,,,,,,,,,,,,,,,0,0,,,0,0,,19197,Scott Carson,1184779
,,31,G,,False,True,,,,0,,,,,,,,,,,,,,,,0,0,,,0,0,,617,Ederson,1184779
,,17,M,,False,True,,,,0,,,,,,,,,,,,,,,,0,0,,,0,0,,629,Kevin De Bruyne,1184779
,,21,M,,False,True,,,,0,,,,,,,,,,,,,,,,0,0,,,0,0,,23,Sergio Gómez,1184779
,,27,M,,False,True,,,,0,,,,,,,,,,,,,,,,0,0,,,0,0,,41621,Matheus Nunes,1184779
,,52,M,,False,True,,,,0,,,,,,,,,,,,,,,,0,0,,,0,0,,278133,Oscar Bobb,1184779
,,76,M,,False,True,,,,0,,,,,,,,,,,,,,,,0,0,,,0,0,,328097,Mahamadou Susoho,1184779
,,82,D,,False,True,,,,0,,,,,,,,,,,,,,,,0,0,,,0,0,,284230,Rico Lewis,1184779
,,11,F,,False,True,,,,0,,,,,,,,,,,,,,,,0,0,,,0,0,,1422,Jérémy Doku,1184779
,120.0,31,G,7.7,False,False,,,,1,,2.0,30.0,,28,,,,,,,,,,,0,0,,,0,0,0.0,617,Ederson,1184780
,120.0,2,D,7,True,False,,,,0,,,107.0,,103,1.0,,1.0,6.0,3.0,,,1.0,1.0,1.0,0,0,,,0,0,,627,Kyle Walker,1184780
,112.0,25,D,7.9,False,False,2.0,,,0,,,99.0,3.0,90,4.0,,,13.0,6.0,,,1.0,,1.0,0,0,,,0,0,,5,Manuel Akanji,1184780
,120.0,3,D,7.2,False,False,,,,0,,,116.0,,112,3.0,,2.0,15.0,6.0,1.0,,1.0,,2.0,0,0,,,0,0,,567,Rúben Dias,1184780
1.0,120.0,24,D,7.6,False,False,,,,0,,,113.0,2.0,106,1.0,1.0,1.0,14.0,7.0,2.0,1.0,1.0,1.0,1.0,1,0,,,0,0,,129033,Joško Gvardiol,1184780
,120.0,16,M,8,False,False,1.0,1.0,,0,,,156.0,5.0,142,1.0,,,13.0,3.0,3.0,,,,2.0,1,0,,,0,0,,44,Rodri,1184780
,120.0,47,M,7.7,False,False,3.0,1.0,,0,,,61.0,2.0,56,,,,9.0,3.0,1.0,,,1.0,1.0,0,0,,,0,0,,631,Phil Foden,1184780
,112.0,17,M,8.2,False,False,6.0,3.0,1.0,0,,,69.0,2.0,56,1.0,,,10.0,4.0,4.0,2.0,1.0,,2.0,0,0,,,0,0,,629,Kevin De Bruyne,1184780
,120.0,20,M,7.6,False,False,1.0,,,0,,,74.0,4.0,68,5.0,,1.0,13.0,7.0,2.0,1.0,1.0,1.0,2.0,0,0,,,0,0,,636,Bernardo Silva,1184780
,72.0,10,M,7.3,False,False,2.0,2.0,,0,,,37.0,1.0,32,,,,6.0,3.0,1.0,1.0,1.0,2.0,2.0,1,0,,,0,0,,19187,Jack Grealish,1184780
,90.0,9,F,7.3,False,False,5.0,1.0,,0,,,7.0,2.0,5,1.0,,,7.0,5.0,1.0,1.0,,,,0,0,,,0,0,,1100,Erling Haaland,1184780
,48.0,11,F,7.6,False,True,,,,0,,,27.0,3.0,26,2.0,,,14.0,8.0,7.0,3.0,,3.0,1.0,0,0,,,0,0,,1422,Jérémy Doku,1184780
,30.0,19,F,6.9,False,True,1.0,1.0,,0,,,10.0,,9,,,,3.0,1.0,,,,,,0,0,,,0,0,,6009,Julián Álvarez,1184780
,8.0,5,D,6.3,False,True,,,,0,,,8.0,,8,,,,1.0,,1.0,,,,,0,0,,,0,0,,626,John Stones,1184780
,8.0,8,M,6.3,False,True,,,,0,,,6.0,,5,,,,1.0,1.0,,,,1.0,,0,0,,,0,0,,2291,Mateo Kovačić,1184780
,,33,G,,False,True,,,,0,,,,,,,,,,,,,,,,0,0,,,0,0,,19197,Scott Carson,1184780
,,18,G,,False,True,,,,0,,,,,,,,,,,,,,,,0,0,,,0,0,,25004,Stefan Ortega,1184780
,,6,D,,False,True,,,,0,,,,,,,,,,,,,,,,0,0,,,0,0,,18861,Nathan Aké,1184780
,,52,M,,False,True,,,,0,,,,,,,,,,,,,,,,0,0,,,0,0,,278133,Oscar Bobb,1184780
,,21,M,,False,True,,,,0,,,,,,,,,,,,,,,,0,0,,,0,0,,23,Sergio Gómez,1184780
,,27,M,,False,True,,,,0,,,,,,,,,,,,,,,,0,0,,,0,0,,41621,Matheus Nunes,1184780
,,82,D,,False,True,,,,0,,,,,,,,,,,,,,,,0,0,,,0,0,,284230,Rico Lewis,1184780
,120.0,13,G,9.6,False,False,,,,1,,8.0,47.0,,26,,,,2.0,2.0,,,,,,0,0,,,0,0,0.0,47400,Andriy Lunin,1184780
,110.0,2,D,7.9,False,False,,,,0,,,37.0,1.0,30,3.0,3.0,2.0,17.0,10.0,1.0,,1.0,3.0,3.0,1,0,,,0,0,,733,Daniel Carvajal,1184780
,120.0,22,D,7.2,False,False,1.0,,,0,,,42.0,,37,,5.0,,1.0,,,,,,,0,0,,,0,0,,2285,Antonio Rüdiger,1184780
,120.0,6,D,7.3,True,False,,,,0,,,45.0,,37,1.0,1.0,1.0,6.0,3.0,1.0,1.0,1.0,,,0,0,,,0,0,,735,Nacho Fernández,1184780
,120.0,23,D,6.7,False,False,,,,0,,,44.0,,36,4.0,,,13.0,8.0,1.0,,,1.0,2.0,1,0,,,0,0,,653,Ferland Mendy,1184780
,120.0,12,M,7,False,False,1.0,1.0,,0,,,40.0,,33,4.0,1.0,,12.0,7.0,,,2.0,3.0,1.0,0,0,,,0,0,,2207,Eduardo Camavinga,1184780
,79.0,8,M,6.9,False,False,,,,0,,,41.0,1.0,38,2.0,,3.0,5.0,3.0,,,1.0,1.0,,0,0,,,0,0,,752,Toni Kroos,1184780
,120.0,15,M,6.6,False,False,1.0,,,0,,,44.0,,37,1.0,,3.0,16.0,5.0,2.0,2.0,2.0,,1.0,0,0,,,0,0,,756,Federico Valverde,1184780
,120.0,5,M,7,False,False,,,,0,,,33.0,,31,5.0,,1.0,17.0,10.0,1.0,1.0,1.0,3.0,1.0,0,0,,,0,0,,129718,Jude Bellingham,1184780
,84.0,11,M,7.2,False,False,3.0,2.0,1.0,0,,,21.0,,17,2.0,,,9.0,5.0,2.0,1.0,,1.0,,0,0,,,0,0,,10009,Rodrygo,1184780
1.0,102.0,7,F,7,False,False,,,,0,,,20.0,1.0,17,1.0,,,7.0,5.0,4.0,2.0,,1.0,,0,0,,,0,0,,762,Vinícius Júnior,1184780
,41.0,10,M,6.6,False,True,,,,0,,,21.0,,18,2.0,,1.0,6.0,4.0,,,1.0,,1.0,0,0,,,0,0,,754,Luka Modrić,1184780
,36.0,21,M,6.7,False,True,,,,0,,,10.0,1.0,8,2.0,1.0,,11.0,4.0,4.0,,,2.0,2.0,0,0,,,0,0,,744,Brahim Díaz,1184780
,18.0,17,M,7,False,True,1.0,,,0,,,9.0,,6,1.0,,,2.0,1.0,,,,,,0,0,,,0,0,,757,Lucas Vázquez,1184780
,10.0,3,D,6.6,False,True,,,,0,,,3.0,,2,,,,1.0,1.0,,,,,,0,0,,,0,0,,372,Éder Militão,1184780
,,25,G,,False,True,,,,0,,,,,,,,,,,,,,,,0,0,,,0,0,,2273,Kepa Arrizabalaga,1184780
,,30,G,,False,True,,,,0,,,,,,,,,,,,,,,,0,0,,,0,0,,396475,Fran Gonzalez,1184780
,,20,D,,False,True,,,,0,,,,,,,,,,,,,,,,0,0,,,0,0,,736,Fran García,1184780
,,19,M,,False,True,,,,0,,,,,,,,,,,,,,,,0,0,,,0,0,,748,Dani Ceballos,1184780
,,24,M,,False,True,,,,0,,,,,,,,,,,,,,,,0,0,,,0,0,,291964,Arda Güler,1184780
,,14,F,,False,True,,,,0,,,,,,,,,,,,,,,,0,0,,,0,0,,18907,Joselu,1184780
